"id","item_id","person_id","holiday_id","created_at"
"065gTzUBb3DR","nShAMm4mLpqh","EBGiFdsC6KhX","wzK19P2VIwZy","2026-07-14 21:33:42.095827"
"0ERTwoX9tZsL","P5k1sAauhUio","F64E5BkFFzUm","wzK19P2VIwZy","2026-07-14 19:50:37.898186"
"0jIoW1fQLkZT","ZFRGJJKMq2qO","2HRGV1cpvbnr","wzK19P2VIwZy","2026-07-14 19:21:40.155925"
"1jZzSQUtNv7H","hCq5dROGXiVF","2HRGV1cpvbnr","wzK19P2VIwZy","2026-07-14 19:15:10.200503"
"300DWSBgop3j","47COl6dwrgkx","EBGiFdsC6KhX","wzK19P2VIwZy","2026-07-14 19:52:15.735434"
"3DXs8Xqo66Nd","zCxulvV6x2lw","2HRGV1cpvbnr","wzK19P2VIwZy","2026-07-14 19:15:05.643992"
"3J3e8xhZ3GqA","tB0wR95O92Dc","HixU0vGg4aAm","wzK19P2VIwZy","2026-07-14 21:34:26.38828"
"3KeCid1xi3D5","DHg1TLEXwXYS","2HRGV1cpvbnr","wzK19P2VIwZy","2026-07-14 19:14:22.571376"
"3i8CAbEsJvro","s2Y3g57eC7tk","HixU0vGg4aAm","wzK19P2VIwZy","2026-07-14 21:35:27.966253"
"3xhdJplhW56g","47COl6dwrgkx","HixU0vGg4aAm","wzK19P2VIwZy","2026-07-14 19:52:25.338434"
"5TMkKqSl2F82","fZU3WR0ElY4E","HixU0vGg4aAm","wzK19P2VIwZy","2026-07-14 19:29:46.536602"
"5yWsWLITSJIN","8EMdkGv5UCjy","2HRGV1cpvbnr","wzK19P2VIwZy","2026-07-14 19:14:24.454055"
"6PFTSeeSjV9q","9lEf47fi8gk3","EBGiFdsC6KhX","wzK19P2VIwZy","2026-07-14 21:32:31.557559"
"6Vb8AWyAED99","tGdosOHSfaCV","EBGiFdsC6KhX","wzK19P2VIwZy","2026-07-14 21:36:34.441247"
"79j41zSqXKBy","JNBquix6xncF","EBGiFdsC6KhX","wzK19P2VIwZy","2026-07-14 21:33:46.585035"
"7gmLO8vgyKfA","zCxulvV6x2lw","EBGiFdsC6KhX","wzK19P2VIwZy","2026-07-14 19:51:31.648017"
"7rnJ7GV7Bkvm","YexI9Co3yYIG","F64E5BkFFzUm","wzK19P2VIwZy","2026-07-14 19:50:51.574053"
"8uh1E6fPMSkO","rvnH6crJmQnI","HixU0vGg4aAm","wzK19P2VIwZy","2026-07-14 19:57:25.223958"
"8vk7WFjUDDBP","AnWGZGDDiYUC","EBGiFdsC6KhX","wzK19P2VIwZy","2026-07-14 19:25:13.955612"
"9zW7ylVbqG9J","tB0wR95O92Dc","2HRGV1cpvbnr","wzK19P2VIwZy","2026-07-14 19:14:47.180501"
"ARuvF0aU36VG","YBabQJFepoYB","2HRGV1cpvbnr","wzK19P2VIwZy","2026-07-14 19:15:12.187077"
"AXnddGo0PevA","4y0pQ96znb4r","2HRGV1cpvbnr","wzK19P2VIwZy","2026-07-14 19:25:45.182313"
"AfWnGIPTez7R","3k2CwSQ9a55d","EBGiFdsC6KhX","wzK19P2VIwZy","2026-07-14 19:25:08.858114"
"Apv7YDgFtxtY","sKRq9kzYKgSs","2HRGV1cpvbnr","wzK19P2VIwZy","2026-07-14 19:24:21.720299"
"Bls1txpkPslZ","RtEgKmImGX6a","2HRGV1cpvbnr","wzK19P2VIwZy","2026-07-14 19:21:56.301217"
"BmajaTqna8Hk","HNjfiGUB6wE6","F64E5BkFFzUm","wzK19P2VIwZy","2026-07-14 19:26:10.228157"
"BmtwTWwRmtG7","h3pTAqv3bR9R","F64E5BkFFzUm","wzK19P2VIwZy","2026-07-14 19:50:30.471209"
"CJx3bmgTTwiF","f6SK5CSk7Zku","EBGiFdsC6KhX","wzK19P2VIwZy","2026-07-14 21:38:45.343881"
"COoQ7dGxOVSb","qpqQRMZzjOxd","F64E5BkFFzUm","wzK19P2VIwZy","2026-07-14 19:25:54.231437"
"D2u5AI1x8HPD","LBsGqdlkDNwp","2HRGV1cpvbnr","wzK19P2VIwZy","2026-07-14 19:24:26.479619"
"D8lgrTUUga7F","DE3dNmNDypWW","2HRGV1cpvbnr","wzK19P2VIwZy","2026-07-14 19:14:15.787033"
"DFgVM1oY8YEd","PsY29kxbcvHM","2HRGV1cpvbnr","wzK19P2VIwZy","2026-07-14 19:19:05.649952"
"DGaAfisEi8IG","DAPsCS2dUFM2","HixU0vGg4aAm","wzK19P2VIwZy","2026-07-14 19:14:12.397559"
"DQ3EBiyURMHc","HftbCpfNWkJg","F64E5BkFFzUm","wzK19P2VIwZy","2026-07-14 19:25:51.365949"
"Duakalhbyeeq","wxCA3SqPnYS5","2HRGV1cpvbnr","wzK19P2VIwZy","2026-07-14 19:19:24.712877"
"DxckcwqHmSyb","diQEK1HSadoF","F64E5BkFFzUm","wzK19P2VIwZy","2026-07-14 19:25:50.048784"
"E1NjsyYXBGoH","h3pTAqv3bR9R","HixU0vGg4aAm","wzK19P2VIwZy","2026-07-14 21:34:59.588155"
"EQEf2X4m4dni","JNBquix6xncF","HixU0vGg4aAm","wzK19P2VIwZy","2026-07-14 19:53:08.806437"
"EbIZpHE0480f","Cy40PdefeuaT","2HRGV1cpvbnr","wzK19P2VIwZy","2026-07-14 19:53:29.45879"
"EsbZSQcg4mhB","U7TegNV8mP8X","2HRGV1cpvbnr","wzK19P2VIwZy","2026-07-14 19:19:03.678856"
"F2n6ftCGiKTx","HNjfiGUB6wE6","HixU0vGg4aAm","wzK19P2VIwZy","2026-07-14 19:25:24.680897"
"F9z8I3O61GcM","diQEK1HSadoF","HixU0vGg4aAm","wzK19P2VIwZy","2026-07-14 19:25:36.246963"
"FIzkLQU2GZw0","LBsGqdlkDNwp","HixU0vGg4aAm","wzK19P2VIwZy","2026-07-14 19:25:33.054036"
"Fk2EQwE53L5a","ZilmLr98gWR1","2HRGV1cpvbnr","wzK19P2VIwZy","2026-07-14 19:15:01.84401"
"FxzdOMdcg2wk","R4AYzeWLkQPj","F64E5BkFFzUm","wzK19P2VIwZy","2026-07-14 19:50:55.982133"
"G20CLwUieWLH","qpqQRMZzjOxd","EBGiFdsC6KhX","wzK19P2VIwZy","2026-07-14 19:25:06.71057"
"GOFcMnr1BhOp","FBXCMGtNwzO1","HixU0vGg4aAm","wzK19P2VIwZy","2026-07-14 21:37:27.597678"
"Gp9vSf6a6YLN","21uWPcldxCeM","2HRGV1cpvbnr","wzK19P2VIwZy","2026-07-14 19:20:49.858411"
"Gs6H7lyffJAQ","ShhEDKxkXFDO","HixU0vGg4aAm","wzK19P2VIwZy","2026-07-14 21:31:45.729098"
"GsIGY7CPsSnF","diQEK1HSadoF","2HRGV1cpvbnr","wzK19P2VIwZy","2026-07-14 19:24:43.523635"
"HY5xk22xfhQr","hCq5dROGXiVF","HixU0vGg4aAm","wzK19P2VIwZy","2026-07-14 19:52:46.235391"
"IDvPOtjDW0bG","f6SK5CSk7Zku","HixU0vGg4aAm","wzK19P2VIwZy","2026-07-14 21:38:42.220071"
"IGNbovMQLkFf","M7Cwyat5RYXA","HixU0vGg4aAm","wzK19P2VIwZy","2026-07-14 19:14:10.917293"
"IkZrkopzqzx1","AnWGZGDDiYUC","2HRGV1cpvbnr","wzK19P2VIwZy","2026-07-14 19:22:31.856117"
"JKdLokVUa8lu","HJEOFB6BHnDw","HixU0vGg4aAm","wzK19P2VIwZy","2026-07-14 19:52:42.141235"
"JMS2WuGy5A2H","rvnH6crJmQnI","EBGiFdsC6KhX","wzK19P2VIwZy","2026-07-14 21:36:14.319156"
"JoE6snlR4bOI","s2Y3g57eC7tk","2HRGV1cpvbnr","wzK19P2VIwZy","2026-07-14 19:20:32.273512"
"Mh98qGR6kpgc","f6SK5CSk7Zku","2HRGV1cpvbnr","wzK19P2VIwZy","2026-07-14 21:38:38.841368"
"N2fWsgxrigAC","s2Y3g57eC7tk","F64E5BkFFzUm","wzK19P2VIwZy","2026-07-14 19:50:48.841073"
"NN50tCCVv3wC","12TtxZ2YHFzk","HixU0vGg4aAm","wzK19P2VIwZy","2026-07-14 21:34:40.834222"
"P1KE09zzICXA","h3pTAqv3bR9R","EBGiFdsC6KhX","wzK19P2VIwZy","2026-07-14 21:33:15.938065"
"PGloDRLxKi9Z","AnWGZGDDiYUC","F64E5BkFFzUm","wzK19P2VIwZy","2026-07-14 19:26:06.626581"
"PREsPuiKrATt","12TtxZ2YHFzk","EBGiFdsC6KhX","wzK19P2VIwZy","2026-07-14 19:51:33.427642"
"PnYE2XEie1HQ","hCq5dROGXiVF","F64E5BkFFzUm","wzK19P2VIwZy","2026-07-14 19:50:22.803548"
"PstUx4iYgGMQ","P5k1sAauhUio","HixU0vGg4aAm","wzK19P2VIwZy","2026-07-14 19:52:53.5427"
"Q3o7CVvbVKoT","AcYJJ9eFN9Cw","2HRGV1cpvbnr","wzK19P2VIwZy","2026-07-14 19:21:41.915517"
"QMpk62FHA2EY","3k2CwSQ9a55d","HixU0vGg4aAm","wzK19P2VIwZy","2026-07-14 19:25:27.241946"
"QptWhMSA7B7D","HJEOFB6BHnDw","2HRGV1cpvbnr","wzK19P2VIwZy","2026-07-14 19:53:24.576787"
"R5BviAep528m","HJEOFB6BHnDw","F64E5BkFFzUm","wzK19P2VIwZy","2026-07-14 19:49:56.235883"
"RKXAfoVuX55R","zCxulvV6x2lw","HixU0vGg4aAm","wzK19P2VIwZy","2026-07-14 19:52:44.45085"
"RmS8hC76hQTw","s2Y3g57eC7tk","EBGiFdsC6KhX","wzK19P2VIwZy","2026-07-14 21:35:47.275846"
"RzYVviF41DXH","LBsGqdlkDNwp","EBGiFdsC6KhX","wzK19P2VIwZy","2026-07-14 19:25:03.006228"
"SNP9pCeoBkue","AAFgfxEBJcip","2HRGV1cpvbnr","wzK19P2VIwZy","2026-07-14 19:21:45.214835"
"SdopQiWpgxDm","47COl6dwrgkx","2HRGV1cpvbnr","wzK19P2VIwZy","2026-07-14 19:14:37.114837"
"T6wn9F31Hy6G","FBXCMGtNwzO1","EBGiFdsC6KhX","wzK19P2VIwZy","2026-07-14 21:37:14.772924"
"TF3aFk7BLfMh","wxCA3SqPnYS5","EBGiFdsC6KhX","wzK19P2VIwZy","2026-07-14 21:33:36.501593"
"UBwCGfpwIsHe","W7rnmJSDUAHb","EBGiFdsC6KhX","wzK19P2VIwZy","2026-07-14 21:32:21.411932"
"UuJU1CxAAavc","AsQEBTwka282","2HRGV1cpvbnr","wzK19P2VIwZy","2026-07-14 19:24:28.454706"
"VGvmqF2tks5o","YBabQJFepoYB","HixU0vGg4aAm","wzK19P2VIwZy","2026-07-14 21:34:34.656106"
"VVFH5cFnVIkj","RaqEYyhBwD3J","HixU0vGg4aAm","wzK19P2VIwZy","2026-07-14 19:29:48.906025"
"VgfMEM3GtY3X","qpqQRMZzjOxd","HixU0vGg4aAm","wzK19P2VIwZy","2026-07-14 19:25:30.27414"
"VtcBbDE1BP2U","2OYuFwvIjFEa","F64E5BkFFzUm","wzK19P2VIwZy","2026-07-14 19:50:25.716186"
"Vwd3EyG0F21n","HNjfiGUB6wE6","EBGiFdsC6KhX","wzK19P2VIwZy","2026-07-14 19:25:17.183401"
"WN9sQW8j2K0Q","ShhEDKxkXFDO","F64E5BkFFzUm","wzK19P2VIwZy","2026-07-14 19:48:55.183299"
"WPbBEk8f4GOo","4y0pQ96znb4r","HixU0vGg4aAm","wzK19P2VIwZy","2026-07-14 19:25:38.304984"
"WyONgvI7859l","tB0wR95O92Dc","F64E5BkFFzUm","wzK19P2VIwZy","2026-07-14 19:49:25.941743"
"XBDRSuaIE6vv","47COl6dwrgkx","F64E5BkFFzUm","wzK19P2VIwZy","2026-07-14 19:49:16.237093"
"XPNNtwgYEddF","cNZE7zy5Dr6T","2HRGV1cpvbnr","wzK19P2VIwZy","2026-07-14 19:14:00.20154"
"XS5uBLY5Gw3b","nShAMm4mLpqh","2HRGV1cpvbnr","wzK19P2VIwZy","2026-07-14 19:53:33.240432"
"XXwadVlikwLn","LBsGqdlkDNwp","F64E5BkFFzUm","wzK19P2VIwZy","2026-07-14 19:25:52.867746"
"YPUpO12jGEit","zCxulvV6x2lw","F64E5BkFFzUm","wzK19P2VIwZy","2026-07-14 19:50:02.441719"
"ZEmszGk5Tiol","sKRq9kzYKgSs","EBGiFdsC6KhX","wzK19P2VIwZy","2026-07-14 19:25:11.156352"
"aUs8FQyPsOIE","21uWPcldxCeM","EBGiFdsC6KhX","wzK19P2VIwZy","2026-07-14 21:34:01.644105"
"b01zJSvgQ4Kn","tB0wR95O92Dc","EBGiFdsC6KhX","wzK19P2VIwZy","2026-07-14 21:32:29.824973"
"cD5k1PgvBHgt","HftbCpfNWkJg","2HRGV1cpvbnr","wzK19P2VIwZy","2026-07-14 19:24:29.912542"
"cQi2mYFNkfvb","FBXCMGtNwzO1","2HRGV1cpvbnr","wzK19P2VIwZy","2026-07-14 19:14:32.033747"
"doGCDWopG0ZQ","4y0pQ96znb4r","EBGiFdsC6KhX","wzK19P2VIwZy","2026-07-14 19:25:41.953011"
"eJ63IAFRoAMz","nShAMm4mLpqh","F64E5BkFFzUm","wzK19P2VIwZy","2026-07-14 19:50:54.400485"
"efBRVhoGh4fw","W7rnmJSDUAHb","F64E5BkFFzUm","wzK19P2VIwZy","2026-07-14 19:49:24.531293"
"etPdPgLQGsUc","12TtxZ2YHFzk","F64E5BkFFzUm","wzK19P2VIwZy","2026-07-14 19:50:04.738086"
"f9iOzTJCQSPq","dRHA2GatPwHm","2HRGV1cpvbnr","wzK19P2VIwZy","2026-07-14 19:21:43.530848"
"fbaBZ68ZW6xA","AsQEBTwka282","EBGiFdsC6KhX","wzK19P2VIwZy","2026-07-14 21:39:50.459634"
"flQvDYteVXUz","diQEK1HSadoF","EBGiFdsC6KhX","wzK19P2VIwZy","2026-07-14 19:24:55.290001"
"g138a13gOCGe","sKRq9kzYKgSs","F64E5BkFFzUm","wzK19P2VIwZy","2026-07-14 19:25:55.624434"
"geBR0KsElFhD","AsQEBTwka282","HixU0vGg4aAm","wzK19P2VIwZy","2026-07-14 21:39:54.669798"
"gfMLlNFlYvDw","YBabQJFepoYB","F64E5BkFFzUm","wzK19P2VIwZy","2026-07-14 19:50:21.081343"
"ghxUCDkIj00H","zWxK7q4HlAYR","F64E5BkFFzUm","wzK19P2VIwZy","2026-07-14 19:51:02.376163"
"gqkyFdz7Tj3B","AnWGZGDDiYUC","HixU0vGg4aAm","wzK19P2VIwZy","2026-07-14 19:26:39.790839"
"hoNgB6qdFSt8","HJEOFB6BHnDw","EBGiFdsC6KhX","wzK19P2VIwZy","2026-07-14 19:51:22.708387"
"hsQQ0eMU5B3o","JNBquix6xncF","F64E5BkFFzUm","wzK19P2VIwZy","2026-07-14 19:50:57.446663"
"iEqC4T2HSFER","HftbCpfNWkJg","HixU0vGg4aAm","wzK19P2VIwZy","2026-07-14 19:25:34.575551"
"iFnwdYqlndFC","vJrMSKxwzcvK","2HRGV1cpvbnr","wzK19P2VIwZy","2026-07-14 19:14:02.040327"
"ifY6BeEefPdP","Cy40PdefeuaT","F64E5BkFFzUm","wzK19P2VIwZy","2026-07-14 19:50:59.330078"
"k690nWEcGP6J","f6SK5CSk7Zku","F64E5BkFFzUm","wzK19P2VIwZy","2026-07-14 21:38:48.148694"
"kJ5Fv9Xo0fwg","ShhEDKxkXFDO","EBGiFdsC6KhX","wzK19P2VIwZy","2026-07-14 21:31:48.681186"
"kXVhQSuHYpaY","JNBquix6xncF","2HRGV1cpvbnr","wzK19P2VIwZy","2026-07-14 19:53:31.502907"
"klL4kAT9uQKE","SUk4OtXjZbZh","2HRGV1cpvbnr","wzK19P2VIwZy","2026-07-14 19:21:38.575866"
"lNE5Uer2v3WX","hAnRbCAB1Hzi","F64E5BkFFzUm","wzK19P2VIwZy","2026-07-14 19:49:22.416062"
"lVs0wTVmdsKW","9lEf47fi8gk3","F64E5BkFFzUm","wzK19P2VIwZy","2026-07-14 19:49:28.614442"
"nHa86a0Hm3VX","hCq5dROGXiVF","EBGiFdsC6KhX","wzK19P2VIwZy","2026-07-14 19:51:37.450689"
"netSfA6zAH3L","ZilmLr98gWR1","F64E5BkFFzUm","wzK19P2VIwZy","2026-07-14 19:49:52.225472"
"nmDhEHA72q0r","9lEf47fi8gk3","HixU0vGg4aAm","wzK19P2VIwZy","2026-07-14 21:34:18.592004"
"o5Txdxr7uEs9","9lEf47fi8gk3","2HRGV1cpvbnr","wzK19P2VIwZy","2026-07-14 19:14:52.501383"
"oeyARIb89WJo","W7rnmJSDUAHb","2HRGV1cpvbnr","wzK19P2VIwZy","2026-07-14 19:14:45.476788"
"pNBHgEcdIYY7","ShhEDKxkXFDO","2HRGV1cpvbnr","wzK19P2VIwZy","2026-07-14 21:31:41.56579"
"pjBCp9aFcsRs","Cy40PdefeuaT","EBGiFdsC6KhX","wzK19P2VIwZy","2026-07-14 21:33:48.376575"
"ppczNG7tzFLX","sKRq9kzYKgSs","HixU0vGg4aAm","wzK19P2VIwZy","2026-07-14 19:25:28.382148"
"qbsMtqjDy39k","4y0pQ96znb4r","F64E5BkFFzUm","wzK19P2VIwZy","2026-07-14 19:25:48.43172"
"qcKdZTqCBAhd","3k2CwSQ9a55d","F64E5BkFFzUm","wzK19P2VIwZy","2026-07-14 19:25:56.964324"
"rBsmWz54hGQx","7th5wisY1bEV","EBGiFdsC6KhX","wzK19P2VIwZy","2026-07-14 21:36:26.892958"
"rFCqlqLNx0LO","P5k1sAauhUio","EBGiFdsC6KhX","wzK19P2VIwZy","2026-07-14 21:35:51.305581"
"rmS66NoUOzpK","AsQEBTwka282","F64E5BkFFzUm","wzK19P2VIwZy","2026-07-14 21:39:30.07588"
"sXYfVgVreY8L","rvnH6crJmQnI","2HRGV1cpvbnr","wzK19P2VIwZy","2026-07-14 19:53:46.388715"
"sdfwWZyEL78s","gpB59GiiF3hE","F64E5BkFFzUm","wzK19P2VIwZy","2026-07-14 21:39:09.181409"
"tUTdOU3D8aJv","21uWPcldxCeM","F64E5BkFFzUm","wzK19P2VIwZy","2026-07-14 19:51:04.477149"
"vBTKJa96Gfr9","3k2CwSQ9a55d","2HRGV1cpvbnr","wzK19P2VIwZy","2026-07-14 19:24:19.986981"
"vChsSFQvgf58","Cy40PdefeuaT","HixU0vGg4aAm","wzK19P2VIwZy","2026-07-14 19:53:10.613197"
"vzLZan491WeM","HftbCpfNWkJg","EBGiFdsC6KhX","wzK19P2VIwZy","2026-07-14 19:24:56.562574"
"weV3kmFUWAcw","qpqQRMZzjOxd","2HRGV1cpvbnr","wzK19P2VIwZy","2026-07-14 19:24:14.464521"
"yEDUHQUDNCYO","nShAMm4mLpqh","HixU0vGg4aAm","wzK19P2VIwZy","2026-07-14 19:53:04.804279"
"yNn1lBIro0nn","Vq0bJCDA3Ycf","F64E5BkFFzUm","wzK19P2VIwZy","2026-07-14 19:50:45.290439"
"ya3KvWI6vbCs","FBXCMGtNwzO1","F64E5BkFFzUm","wzK19P2VIwZy","2026-07-14 21:37:36.344635"
"ymaHpWZzfOPH","P5k1sAauhUio","2HRGV1cpvbnr","wzK19P2VIwZy","2026-07-14 19:53:56.836954"
"z665WBkPJ9XU","HNjfiGUB6wE6","2HRGV1cpvbnr","wzK19P2VIwZy","2026-07-14 19:21:54.6748"
"zP3m3N2jWTtj","6Us0fjnd0Sil","EBGiFdsC6KhX","wzK19P2VIwZy","2026-07-14 19:24:49.883603"
"zwSBkGxgfBr6","VeGN2tC6pgxo","2HRGV1cpvbnr","wzK19P2VIwZy","2026-07-14 19:21:57.637979"